Portfolio Type,Index,Average Return,Variance,Standard Deviation,Weight 1,Weight 2,Weight 3,Weight 4,Weight 5,Weight 6,Weight 7,Weight 8,Weight 9,Weight 10
Random,1,176309.3701304538,275.58290911193967,16.600690019151003,0.03104895281238026,0.18612450202178313,0.06032959248795719,0.19223105901651955,0.19138495890039053,0.05694290455277039,0.051960867488991286,0.0037726405780637113,0.10505501929488475,0.12114950284625925
Random,2,184688.24640524268,394.0710230803752,19.851222206211265,0.23688178287240463,0.06805177718022354,0.27149558001478225,0.048284894559640204,0.02628139478390431,0.13366161571522037,0.14650562661550562,0.031223785377785345,0.004476685210984118,0.033136857669549796
Random,3,185146.31907065274,325.9005115188829,18.052714796364643,0.17498039075974273,3.945197964259352e-09,0.07385283961304054,0.14927576907170348,0.22204031999148194,0.029298500805073617,0.06635006815918373,0.09273619719376883,0.020298535473647687,0.17116737498715945
Random,4,162022.4810270257,170.08757206128007,13.041762613285064,0.06459464088509628,0.08545682252279853,0.2344388999598312,0.10455618720651357,0.17864496120865436,0.028695457661135845,0.09557057893787896,2.3289696974622297e-05,0.07540095919617526,0.13261820272494151
Random,5,197668.4279239387,218.798057483444,14.791824007993199,0.09740718162630574,0.12967661275656178,0.10451382132423132,0.11166847530968681,0.05644774043503004,0.06300802647743099,0.0913503931961618,0.15250082160074144,0.1413686561071456,0.05205827116670439
Random,6,188295.60478583965,191.5476733739043,13.8400749049239,0.06938686850671254,0.11480792200390871,0.05627636492692687,0.15924249758297349,0.09387354744033292,0.09974852793411357,0.07684819280244763,0.14715614005289002,0.03972966333805748,0.14293027541163672
Random,7,205391.8421993368,314.55081073908565,17.735580360932246,0.1499684670949626,0.014930013060454531,0.11092897937396093,0.14264332664742835,0.08719997250885075,0.1521285096015215,0.05604392742851789,0.023836644604493924,0.10019451634657488,0.16212564333323473
Random,8,216199.3481214639,373.94504997473695,19.337658854544337,0.12614787431894245,0.021008528065960187,0.11949896306365998,0.16087054313941368,0.06347208028700427,0.033345640748228655,0.017709960304091547,0.16853527755368042,0.1926566552200231,0.09675447729899556
Random,9,193864.30083487288,267.7819791373679,16.364045317016448,0.10245454116124808,0.15788437004398997,0.10681308346301624,0.13351481388336398,0.07425922946141211,0.1183364276516523,0.013467207523137107,0.02090697306513272,0.12990181670508777,0.14246153704195974
Random,10,196668.077205338,306.2857786889104,17.501022218399427,0.10969075625983794,0.06778074146444266,0.06233283098113974,0.21569238799880547,0.004725435104651311,0.029433778277705335,0.17183545891409305,0.1415123614067297,0.04538249035520734,0.1516137592373875
Random,11,172367.8887042569,128.00295607804273,11.313839139657357,0.042229002297122696,0.06749244773141228,0.20298888977849727,0.01977496748705919,0.167188191322901,0.19960669088395566,0.054901316858581246,0.032381791932442415,0.08484778852663143,0.12858891318139676
Random,12,183921.17905290116,187.08274895405285,13.677819597949552,0.04543700646089904,0.13926934844851152,0.054407398656051265,0.09967828840107677,0.10079932976468274,0.09941580537631088,0.15399183321073975,0.009111140548054363,0.14610149604263595,0.15178835309103764
Random,13,191940.37152994852,176.8795598949101,13.299607509054923,0.08911188171338955,0.10264659381289104,0.14798788617182632,0.09345983343357517,0.047832319501886766,0.13796415496343536,0.15102238075452729,0.05872756528735342,0.11441807193022074,0.05682931243089426
Random,14,176783.64804815353,175.99993562732402,13.266496735284866,0.074682518988351,0.13956510876820064,0.18427184306259267,0.07455254784510305,0.12136809225444373,0.015120378366055056,0.052808438210342,0.12048016345597197,0.13401629986820074,0.08313460918073891
Random,15,191200.63100263439,203.71621454523617,14.272918921693494,0.021488477012203668,0.08092137292729149,0.09157178890477001,0.026069595514432213,0.10475140837762552,0.14196820807356125,0.06315274171527968,0.08488821153745105,0.2054326700641955,0.1797555258731896
Random,16,176434.3441552958,117.69686051776682,10.848818392699124,0.01073999772996649,0.09610918997201581,0.1462682651966771,0.03500498820548719,0.12342582807096654,0.13317753707454216,0.09702744211524128,0.11357766121328006,0.12424336864010553,0.12042572178171797
Random,17,193092.46396655063,260.9461682523212,16.153828284723133,0.13490842992312005,0.02715544562169193,0.16059413555740162,0.10805511530283161,0.16663010505331774,0.019817224649304327,0.023995537321704112,0.1582660596547758,0.12724796679373884,0.07332998012211413
Random,18,161442.72206085728,135.66995882040962,11.647744795470478,0.1035994851804467,0.14409211744118128,0.15205244961651737,0.018811699344499066,0.09267169104294048,0.07461189524550625,0.12074324017325287,0.11415830308528549,0.003520489148526413,0.17573862972184404
Random,19,168619.9399179675,164.3178899550184,12.818653983746437,0.012769271043751897,0.1976765016464044,0.11219904770269094,0.14198920723191158,0.14417366045463822,0.037759025620252025,0.01707268903309525,0.1666201929893971,0.04293836324984683,0.12680204102801187
Random,20,211009.3280549387,404.8367047758108,20.120554285998455,0.18047150708810575,0.021084224927404725,0.04573829469925557,0.14425333192930892,0.1811436896653689,0.08589542800621806,0.08708331594155903,0.11231405799312899,0.13475570308928878,0.007260446660361501
Random,21,179568.85296584293,118.366746834429,10.879648286338535,0.051982250815707204,0.15155892512073346,0.09308043207994811,0.026415672045267468,0.19394748101312723,0.20219002973381608,0.028606431460357018,0.13003460680974643,0.06941372392814801,0.052770446993149096
Random,22,198591.8103129621,388.41927849144446,19.70835555015802,0.17679788355406134,0.1875133295146037,0.003527711979189075,0.15854902294152556,0.05499735803393605,0.06772019954242695,0.16450066138284264,0.06908100806310656,0.08319142612769531,0.03412139886061269
Random,23,188433.89797622198,123.12747235842967,11.096281915958592,0.05512978697947779,0.016304819872733453,0.13543278782396342,0.056608452246159194,0.06632655502229635,0.14679405207618418,0.1214326486249502,0.17558743153420084,0.09554752480108751,0.13083594101894716
Random,24,169949.199773145,114.43868126021509,10.697601659260597,0.01570777982609986,0.13567504734179156,0.05009437957540173,0.07759258889765344,0.17979888500045815,0.021835141440735725,0.21065637070849125,0.1952107439759049,0.0808784233683596,0.03255063986510394
Random,25,171810.30323506088,234.63715972951263,15.31787060036455,0.11303489546532411,0.17632544158695804,0.20965798902258598,0.13407894741214182,0.12856888231627175,0.048292610106274406,0.0991311902060116,0.03824281881682902,0.049464391013543385,0.003202834054059801
Random,26,201084.73758016815,297.18262352796097,17.238985571313673,0.15685287677534182,0.07206153064389761,0.11901096692168124,0.09569945566882514,0.11496338666735849,0.12106960390972668,0.07140897950431552,0.05034817805445448,0.13986311027986928,0.05872191157452991
Random,27,206332.11076686627,414.5335968831534,20.360098155047126,0.17926551251394834,0.16364843710392293,0.020195354096406385,0.14962574368666656,0.016771717002022894,0.04679204395871715,0.04822817531360242,0.09739136713999048,0.12041759911953749,0.15766405006518533
Random,28,183399.3541555283,250.87280969935588,15.838964918811957,0.15434452759297146,0.06647397054905589,0.15444078877713824,0.1283712811514179,0.10238090894580162,0.09478235870193635,0.15414374856230112,0.02270828777829109,0.028331723117623664,0.09402240482346264
Random,29,189407.4576284348,247.32904142293168,15.72669836370405,0.05072600539238415,0.03249353706692056,0.17325086496571254,0.014017080341506236,0.06997227909185949,0.034123170344399316,0.09194682314469906,0.12815065335386533,0.2405187321757376,0.16480085412291576
Random,30,176628.13442200262,254.76359236419606,15.961315496042175,0.07432763341490592,0.03484677650275816,0.17935879704470037,0.2090269353722337,0.18010517212637003,0.09569601509596716,0.1365165264446514,0.028550375134571725,0.003492721968735694,0.058079046895105776
Efficient,1,155177.66055462303,84.87448264969964,9.212734808388856,0.005510823553064951,0.02768004329744169,0.1622867053755872,0.014695500653963118,0.07192342820015715,0.10618453793609665,0.23163311490966262,0.23422836935462993,0.011530839124959303,0.13432663040938783
Efficient,2,157814.98469940806,84.98782108400003,9.218883939176154,0.0059445184753409396,0.025167385260209795,0.15008272185338117,0.01598868745128588,0.06957428726856733,0.11514490807368159,0.23261338586137015,0.24509699988039188,0.012547160606771367,0.127839938021964
Efficient,3,160470.0139736588,85.57455102136805,9.250651383625266,0.006378213397613089,0.022654727223019977,0.13787873833138858,0.017281874248596604,0.06722514633703207,0.12410527821118465,0.2335936568131416,0.25596563040608944,0.013563482088573971,0.12135324563466962
Efficient,4,163142.74837737918,86.65253672547422,9.308734431998488,0.006811908319880712,0.02014206918587742,0.12567475480963541,0.018575061045893213,0.06487600540555735,0.13306564834859147,0.23457392776498046,0.2668342609317076,0.014579803570365481,0.11486655324751949
Efficient,5,165833.18791057265,88.23964245998447,9.393595821621476,0.007245603242143143,0.01762941114878721,0.1134707712881469,0.019868247843173707,0.06252686447414876,0.1420260184858882,0.2355541987168893,0.2777028914572314,0.015596125052144302,0.108379860860528
Efficient,6,168541.33257324315,90.35373248856065,9.505458036757652,0.0076792981643997085,0.015116753111754446,0.10126678776694839,0.021161434640436027,0.06017772354281198,0.1509863886230607,0.23653446966887123,0.2885715219826464,0.016612446533908844,0.10189316847370962
Efficient,7,171267.18236539402,93.0126710748594,9.644307703244406,0.00811299308664976,0.012604095074784046,0.08906280424606428,0.022454621437678186,0.057828582611552534,0.15994675876009543,0.23751474062092898,0.29944015250793743,0.017628768015657537,0.09540647608707814
Efficient,8,174010.7372371022,96.23432246656287,9.809909401547134,0.008546688009181297,0.0100914368064645,0.07685882074608871,0.023747808235601936,0.05547944168801367,0.16890712890224874,0.23849501159353317,0.3103087830490148,0.01864508949794021,0.08891978371592656
Efficient,9,176771.99716761618,100.0365509162135,10.001827378845002,0.008980382932268221,0.007578778436592766,0.06465483695386207,0.025040995034883357,0.05313030077895312,0.17786749905455865,0.2394752826050516,0.32117741362052654,0.01966141098128673,0.08243309137371022
Efficient,10,179550.96203297342,104.43722066693218,10.219453051261215,0.00941407785709438,0.00506612008768784,0.052450851934979115,0.02633418183843549,0.05078115991411074,0.18682786923875822,0.24045555373601626,0.3320460442862849,0.02067773246797992,0.07594639911971733
Efficient,11,182347.63202225746,109.45419608019257,10.462035943361721,0.009847772781923069,0.002553461738335631,0.04024686691438914,0.02762736864199422,0.048432019049313775,0.19578823942300572,0.2414358248671139,0.34291467495216293,0.02169405395467826,0.06945970686581246
Efficient,12,185162.01088529956,115.10534369843809,10.728715845730937,0.010281467734119549,4.08051482328631e-05,0.028042888114399235,0.028920555518251748,0.046082878558211936,0.20474861013333848,0.24241609718409246,0.3537833067968473,0.02271037549841647,0.06297301531415897
Efficient,13,202919.98054689658,158.60566488500228,12.593874101522625,0.013297289763197773,0.0,0.0,0.03815412016790403,0.015622651278501239,0.2681218931202659,0.21881375092737457,0.41602066336269505,0.029969633480421278,0.0
Efficient,14,205986.76649270428,166.02030292614398,12.884886608975027,0.013918246959620685,0.0,0.0,0.040135448211503395,0.004654407760991103,0.2815244788342133,0.20383975207894178,0.42439952104118184,0.031528144950068906,0.0
Efficient,15,209186.96459876836,173.54976353427497,13.173828734816427,0.014591622812769987,0.0,0.0,0.04232531984914256,0.0,0.29624085868575056,0.1823907683330967,0.43120033384394135,0.03325110600309914,0.0
Efficient,16,212484.04669236785,181.6250180899515,13.476832643093536,0.015303640818626658,0.0,0.0,0.04466892623344016,0.0,0.3119257451149665,0.1561685453725486,0.4368378432339721,0.03509529645669488,0.0
Efficient,17,232526.72421378482,253.6937141382771,15.927765509897398,0.01959031791756064,3.091556317402823e-08,1.3948192248295499e-07,0.058813149788490275,1.1267994875164482e-08,0.40650899662339846,1.767304205751707e-07,0.468861363800613,0.04622575855787283,5.570994976293949e-08
Efficient,18,257262.03604192566,416.8396498047506,20.416651287729596,0.02998892633205464,0.0,0.0,0.1008338435063048,0.0,0.6700087107571018,3.206618475270064e-08,0.1198016407679223,0.07936685994965789,0.0
